{
    "vertexPositions": [


        -0.7, -0.7, 0.7,
        0.7, -0.7, 0.7,
        0.7, 0.7, 0.7, -0.7, 0.7, 0.7,


        -0.7, -0.7, -0.7, -0.7, 0.7, -0.7,
        0.7, 0.7, -0.7,
        0.7, -0.7, -0.7,


        -0.7, 0.7, -0.7, -0.7, 0.7, 0.7,
        0.7, 0.7, 0.7,
        0.7, 0.7, -0.7,


        -0.7, -0.7, -0.7,
        0.7, -0.7, -0.7,
        0.7, -0.7, 0.7, -0.7, -0.7, 0.7,


        0.7, -0.7, -0.7,
        0.7, 0.7, -0.7,
        0.7, 0.7, 0.7,
        0.7, -0.7, 0.7,


        -0.7, -0.7, -0.7, -0.7, -0.7, 0.7, -0.7, 0.7, 0.7, -0.7, 0.7, -0.7
    ],
    "translations": {
        "first": [0, 0.5, -50],
        "second": [2, 0.5, -100],
        "third": [4, 0.5, -130],
        "fourth": [-2, 0.5, -190],
        "fifth": [-4, 0.5, -260]
    },

    "powerUpBonus": [
        "speed",
        "health",
        "speed",
        "speed",
        "health",
        "health",
        "speed",
        "speed",
        "health",
        "speed",
        "health",
        "health",
        "speed",
        "health",
        "speed"

    ],

    "vertexTextureCoords": [

        0.0, 0.0,
        1.0, 0.0,
        1.0, 1.0,
        0.0, 1.0,


        1.0, 0.0,
        1.0, 1.0,
        0.0, 1.0,
        0.0, 0.0,


        0.0, 1.0,
        0.0, 0.0,
        1.0, 0.0,
        1.0, 1.0,


        1.0, 1.0,
        0.0, 1.0,
        0.0, 0.0,
        1.0, 0.0,


        1.0, 0.0,
        1.0, 1.0,
        0.0, 1.0,
        0.0, 0.0,


        0.0, 0.0,
        1.0, 0.0,
        1.0, 1.0,
        0.0, 1.0
    ],

    "indices": [
        0, 1, 2, 0, 2, 3,
        4, 5, 6, 4, 6, 7,
        8, 9, 10, 8, 10, 11,
        12, 13, 14, 12, 14, 15,
        16, 17, 18, 16, 18, 19,
        20, 21, 22, 20, 22, 23
    ],
    "vertexNormals": [

        0.0, 0.0, 1.0,
        0.0, 0.0, 1.0,
        0.0, 0.0, 1.0,
        0.0, 0.0, 1.0,


        0.0, 0.0, -1.0,
        0.0, 0.0, -1.0,
        0.0, 0.0, -1.0,
        0.0, 0.0, -1.0,


        0.0, 1.0, 0.0,
        0.0, 1.0, 0.0,
        0.0, 1.0, 0.0,
        0.0, 1.0, 0.0,


        0.0, -1.0, 0.0,
        0.0, -1.0, 0.0,
        0.0, -1.0, 0.0,
        0.0, -1.0, 0.0,


        1.0, 0.0, 0.0,
        1.0, 0.0, 0.0,
        1.0, 0.0, 0.0,
        1.0, 0.0, 0.0,


        -1.0, 0.0, 0.0, -1.0, 0.0, 0.0, -1.0, 0.0, 0.0, -1.0, 0.0, 0.0


    ]

}